{"cameraMode":{"drawMode":0,"name":"Shaded","section":"Shading Mode"},"sceneLighting":true,"audioPlay":false,"sceneViewState":{"showFog":true,"showMaterialUpdate":false,"showSkybox":true,"showFlares":true,"showImageEffects":true,"showParticleSystems":true},"in2DMode":false,"pivot":{"x":-25.554182052612306,"y":-6.037927627563477,"z":-13.217212677001954},"rotation":{"x":0.07798419147729874,"y":-0.7674475312232971,"z":0.09511770308017731,"w":0.6292021870613098},"size":33.70956039428711,"orthographic":false}